model,processed_samples,skipped_samples,total_samples,valid_pred_count,valid_pred_rate,success_rate,rodeo_localization,rodeo_shape_matching,rodeo_classification,rodeo_total,map50_95,map50,map75
Qwen2-VL-7B,2108,0,2108,2026,0.961100569259962,1.0,0.4553963989275998,0.3502092382581898,0.6557615412577245,0.4561867451919807,0.0005396619476477018,0.0027894596089636245,8.23792546873265e-05
InternVL3-2B,2108,0,2108,2108,1.0,1.0,0.4891843083040077,0.31181331878801466,0.7813194959229058,0.4593381302780233,1.115447951601768e-05,0.0001115447951601768,0.0
Qwen2-VL-2B,2108,0,2108,1991,0.9444971537001897,1.0,0.43175083901307365,0.2539483407893189,0.7310552153125349,0.39360665083972285,3.587288844189742e-05,0.00020279136377965046,0.0
InternVL3-8B,2108,0,2108,2012,0.9544592030360531,1.0,0.4196133048978184,0.2897090724155542,0.5927740355174526,0.39883814603810247,0.0006780157758867032,0.002382977275916539,0.0
