model,total_samples,mAP30,mAP50,mAP75,ACC30,ACC50,Recall30,Recall50,Shape_Matching,Detection_Rate,Miss_Rate
Qwen2-VL-7B,2108,0.01515151515151515,0.004784688995215311,0.0001559332605644784,0.05550284629981025,0.008064516129032258,0.04338153503893215,0.006303299962921765,0.631395703978331,0.8500948766603416,0.9566184649610678
InternVL3-2B,2108,0.0014454165081780144,5.473154178753216e-05,0.0,0.013757115749525617,0.0004743833017077799,0.010752688172043012,0.0003707823507601038,0.6606636547657345,1.0,0.989247311827957
Qwen2-VL-2B,2108,0.09090909090909091,0.003952569169960474,0.0,0.013282732447817837,0.0009487666034155598,0.010381905821282907,0.0007415647015202076,0.612131296565919,0.9444971537001897,0.989618094178717
InternVL3-8B,2108,0.0023529411764705885,0.0004058441558441558,0.0,0.03842504743833017,0.0056925996204933585,0.030033370411568408,0.004449388209121246,0.6721070855698427,0.9544592030360531,0.9699666295884316
