model,processed_samples,skipped_samples,total_samples,valid_pred_count,valid_pred_rate,success_rate,rodeo_localization,rodeo_shape_matching,rodeo_classification,rodeo_total,map50_95,map50,map75
Qwen2-VL-7B,1285,0,1285,1060,0.8249027237354085,1.0,0.39624579680785055,0.26909864272907613,0.5412275263484191,0.3709463137623515,0.002375317205905004,0.008424305901089238,0.0003736314093199814
InternVL3-2B,1285,0,1285,1283,0.998443579766537,1.0,0.5023528060685049,0.23479164629379903,0.7469301007556675,0.3953341277948448,0.0004412766181475386,0.0015086862171807558,0.0
Qwen2-VL-2B,1285,0,1285,823,0.6404669260700389,1.0,0.3231132327723563,0.15119519711652887,0.5080340264650284,0.25691152213800794,0.0015115076477001123,0.0039060331783538535,0.0006533970099667773
InternVL3-8B,1285,0,1285,1086,0.845136186770428,1.0,0.3930435209172161,0.20179637718421078,0.47217441193344817,0.31192930487987175,0.00024295240916219214,0.002269326723200869,0.0
