model,total_samples,mAP30,mAP50,mAP75,ACC30,ACC50,Recall30,Recall50,Shape_Matching,Detection_Rate,Miss_Rate
Qwen2-VL-7B,1285,0.011961722488038277,0.0027397260273972603,0.0009372071227741331,0.07237354085603113,0.014007782101167316,0.058749210360075806,0.011370814908401769,0.6400511874041337,0.6700389105058365,0.9412507896399241
InternVL3-2B,1285,0.022727272727272728,0.001180637544273908,0.0,0.012451361867704281,0.0038910505836575876,0.01010739102969046,0.003158559696778269,0.7063001193322784,0.998443579766537,0.9898926089703095
Qwen2-VL-2B,1285,0.0025906735751295338,0.000706547338671691,0.00011821728336682824,0.017120622568093387,0.004669260700389105,0.013897662665824383,0.003790271636133923,0.6058905272347924,0.6404669260700389,0.9861023373341756
InternVL3-8B,1285,0.003952569169960474,0.0008340283569641369,0.0,0.013229571984435798,0.0031128404669260703,0.010739102969046115,0.002526847757422615,0.6732539850079804,0.845136186770428,0.9892608970309539
