{
    "predict_bleu-4": 6.1950928842504736,
    "predict_model_preparation_time": 0.0127,
    "predict_rouge-1": 5.524279933586338,
    "predict_rouge-2": 2.585239468690702,
    "predict_rouge-l": 5.692089611005693,
    "predict_runtime": 1260.7245,
    "predict_samples_per_second": 1.672,
    "predict_steps_per_second": 0.209
}