{
    "predict_bleu-4": 24.063263519924103,
    "predict_model_preparation_time": 0.0089,
    "predict_rouge-1": 62.860861337760916,
    "predict_rouge-2": 54.27057087286528,
    "predict_rouge-l": 61.49641816888046,
    "predict_runtime": 1082.7165,
    "predict_samples_per_second": 1.947,
    "predict_steps_per_second": 0.122
}